{
  "angika": {
    "accuracy": 0.20689655172413793,
    "found": 116,
    "total": 141
  },
  "awadhi": {
    "accuracy": 0.18902439024390244,
    "found": 123,
    "total": 148
  },
  "bajjika": {
    "accuracy": 0.10930442637759712,
    "found": 123,
    "total": 149
  },
  "bhil": {
    "accuracy": 0.1274126838235294,
    "found": 128,
    "total": 156
  },
  "bhojpuri": {
    "accuracy": 0.2565217391304348,
    "found": 115,
    "total": 139
  },
  "brajbhasha": {
    "accuracy": 0.2965879265091863,
    "found": 127,
    "total": 155
  },
  "bundeli": {
    "accuracy": 0.22421652421652422,
    "found": 117,
    "total": 139
  },
  "chattisgarhi": {
    "accuracy": 0.22826086956521738,
    "found": 115,
    "total": 136
  },
  "garwali": {
    "accuracy": 0.13541666666666666,
    "found": 120,
    "total": 143
  },
  "hariyanvi": {
    "accuracy": 0.3267195767195767,
    "found": 126,
    "total": 153
  },
  "hindi-urdu": {
    "accuracy": 1.0,
    "found": 136,
    "total": 171
  },
  "koraku": {
    "accuracy": 0.0,
    "found": 116,
    "total": 140
  },
  "kumaoni": {
    "accuracy": 0.025020177562550445,
    "found": 118,
    "total": 138
  },
  "magahi": {
    "accuracy": 0.14728682170542637,
    "found": 129,
    "total": 159
  },
  "maithili": {
    "accuracy": 0.14957264957264957,
    "found": 117,
    "total": 140
  },
  "malwi": {
    "accuracy": 0.14,
    "found": 125,
    "total": 153
  },
  "marathi": {
    "accuracy": 0.04310344827586207,
    "found": 116,
    "total": 138
  },
  "nepali": {
    "accuracy": 0.08421052631578947,
    "found": 95,
    "total": 105
  },
  "rajasthani": {
    "accuracy": 0.2375,
    "found": 120,
    "total": 144
  },
  "sindhi": {
    "accuracy": 0.07017543859649122,
    "found": 114,
    "total": 134
  }
}