{
  "angika": {
    "accuracy": 0.1839080459770115,
    "found": 87,
    "total": 141
  },
  "awadhi": {
    "accuracy": 0.19791666666666666,
    "found": 96,
    "total": 148
  },
  "bajjika": {
    "accuracy": 0.09574468085106383,
    "found": 94,
    "total": 149
  },
  "bhil": {
    "accuracy": 0.17708333333333334,
    "found": 96,
    "total": 156
  },
  "bhojpuri": {
    "accuracy": 0.3103448275862069,
    "found": 87,
    "total": 139
  },
  "brajbhasha": {
    "accuracy": 0.3229166666666667,
    "found": 96,
    "total": 155
  },
  "bundeli": {
    "accuracy": 0.29213483146067415,
    "found": 89,
    "total": 139
  },
  "chattisgarhi": {
    "accuracy": 0.25842696629213485,
    "found": 89,
    "total": 136
  },
  "garwali": {
    "accuracy": 0.16483516483516483,
    "found": 91,
    "total": 143
  },
  "hindi-urdu": {
    "accuracy": 1.0,
    "found": 102,
    "total": 171
  },
  "koraku": {
    "accuracy": 0.0,
    "found": 91,
    "total": 140
  },
  "kumaoni": {
    "accuracy": 0.044444444444444446,
    "found": 90,
    "total": 138
  },
  "magahi": {
    "accuracy": 0.1836734693877551,
    "found": 98,
    "total": 159
  },
  "maithili": {
    "accuracy": 0.14606741573033707,
    "found": 89,
    "total": 140
  },
  "nepali": {
    "accuracy": 0.07894736842105263,
    "found": 76,
    "total": 105
  },
  "rajasthani": {
    "accuracy": 0.2967032967032967,
    "found": 91,
    "total": 144
  },
  "sindhi": {
    "accuracy": 0.06896551724137931,
    "found": 87,
    "total": 134
  }
}